Commit URL,Commit Hash,Commit Date
https://github.com/scikit-learn/scikit-learn/commit/70ca21f106b603b611da73012c9ade7cd8e438b8,70ca21f106b603b611da73012c9ade7cd8e438b8,2024-04-22 13:10:46 +0000
https://github.com/scikit-learn/scikit-learn/commit/1bf13d567d3cd74854aa8343fd25b61dd768bb85,1bf13d567d3cd74854aa8343fd25b61dd768bb85,2021-10-20 12:30:06 +0000
https://github.com/psf/requests/commit/a58d7f2ffb4d00b46dca2d70a3932a0b37e22fac,a58d7f2ffb4d00b46dca2d70a3932a0b37e22fac,2024-03-11 11:21:59 +0000
https://github.com/psf/requests/commit/74ea7cf7a6a27a4eeb2ae24e162bcc942a6706d5,74ea7cf7a6a27a4eeb2ae24e162bcc942a6706d5,2023-05-22 15:08:57 +0000
https://github.com/psf/requests/commit/3bd8afbff29e50b38f889b2f688785a669b9aafc,3bd8afbff29e50b38f889b2f688785a669b9aafc,2015-03-14 08:49:55 +0000
https://github.com/kennethreitz/requests/commit/3bd8afbff29e50b38f889b2f688785a669b9aafc,3bd8afbff29e50b38f889b2f688785a669b9aafc,2015-03-14 08:49:55 +0000
https://github.com/pallets/flask/commit/70f906c51ce49c485f1d355703e9cc3386b1cc2b,70f906c51ce49c485f1d355703e9cc3386b1cc2b,2023-05-01 15:11:41 +0000
https://github.com/pallets/flask/commit/afd63b16170b7c047f5758eb910c416511e9c965,afd63b16170b7c047f5758eb910c416511e9c965,2023-05-02 14:18:08 +0000
https://github.com/pallets/flask/commit/b178e89e4456e777b1a7ac6d7199052d0dfdbbbe,b178e89e4456e777b1a7ac6d7199052d0dfdbbbe,2018-04-10 19:58:45 +0000
https://github.com/django/django/commit/3c733c78d6f8e50296d6e248968b6516c92a53ca,3c733c78d6f8e50296d6e248968b6516c92a53ca,2024-09-03 12:24:21 +0000
https://github.com/django/django/commit/96d84047715ea1715b4bd1594e46122b8a77b9e2,96d84047715ea1715b4bd1594e46122b8a77b9e2,2024-09-03 12:33:01 +0000
https://github.com/django/django/commit/bf4888d317ba4506d091eeac6e8b4f1fcc731199,bf4888d317ba4506d091eeac6e8b4f1fcc731199,2024-09-03 12:42:25 +0000
https://github.com/django/django/commit/022ab0a75c76ab2ea31dfcc5f2cf5501e378d397,022ab0a75c76ab2ea31dfcc5f2cf5501e378d397,2024-09-03 12:24:13 +0000
https://github.com/django/django/commit/813de2672bd7361e9a453ab62cd6e52f96b6525b,813de2672bd7361e9a453ab62cd6e52f96b6525b,2024-09-03 12:32:43 +0000
https://github.com/django/django/commit/d147a8ebbdf28c17cafbbe2884f0bc57e2bf82e2,d147a8ebbdf28c17cafbbe2884f0bc57e2bf82e2,2024-09-03 12:42:15 +0000
https://github.com/django/django/commit/32ebcbf2e1fe3e5ba79a6554a167efce81f7422d,32ebcbf2e1fe3e5ba79a6554a167efce81f7422d,2024-08-06 06:51:55 +0000
https://github.com/django/django/commit/f4af67b9b41e0f4c117a8741da3abbd1c869ab28,f4af67b9b41e0f4c117a8741da3abbd1c869ab28,2024-07-31 14:12:35 +0000
https://github.com/django/django/commit/27900fe56f3d3cabb4aeb6ccb82f92bab29073a8,27900fe56f3d3cabb4aeb6ccb82f92bab29073a8,2024-08-06 06:51:55 +0000
https://github.com/django/django/commit/fc76660f589ac07e45e9cd34ccb8087aeb11904b,fc76660f589ac07e45e9cd34ccb8087aeb11904b,2024-07-31 14:11:59 +0000
https://github.com/django/django/commit/7b7b909579c8311c140c89b8a9431bf537febf93,7b7b909579c8311c140c89b8a9431bf537febf93,2024-08-06 06:51:55 +0000
https://github.com/django/django/commit/d0a82e26a74940bf0c78204933c3bdd6a283eb88,d0a82e26a74940bf0c78204933c3bdd6a283eb88,2024-07-31 14:12:11 +0000
https://github.com/django/django/commit/523da8771bce321023f490f70d71a9e973ddc927,523da8771bce321023f490f70d71a9e973ddc927,2024-08-06 06:51:55 +0000
https://github.com/django/django/commit/efea1ef7e2190e3f77ca0651b5458297bc0f6a9f,efea1ef7e2190e3f77ca0651b5458297bc0f6a9f,2024-07-31 14:12:23 +0000
https://github.com/django/django/commit/17358fb35fb7217423d4c4877ccb6d1a3a40b1c3,17358fb35fb7217423d4c4877ccb6d1a3a40b1c3,2024-07-09 13:40:50 +0000
https://github.com/django/django/commit/8e7a44e4bec0f11474699c3111a5e0a45afe7f49,8e7a44e4bec0f11474699c3111a5e0a45afe7f49,2024-07-09 13:03:38 +0000
https://github.com/django/django/commit/2b00edc0151a660d1eb86da4059904a0fc4e095e,2b00edc0151a660d1eb86da4059904a0fc4e095e,2024-07-09 13:40:48 +0000
https://github.com/django/django/commit/9f4f63e9ebb7bf6cb9547ee4e2526b9b96703270,9f4f63e9ebb7bf6cb9547ee4e2526b9b96703270,2024-07-09 13:03:32 +0000
https://github.com/django/django/commit/07cefdee4a9d1fcd9a3a631cbd07c78defd1923b,07cefdee4a9d1fcd9a3a631cbd07c78defd1923b,2024-07-09 13:03:20 +0000
https://github.com/django/django/commit/156d3186c96e3ec2ca73b8b25dc2ef366e38df14,156d3186c96e3ec2ca73b8b25dc2ef366e38df14,2024-07-09 13:40:46 +0000
https://github.com/django/django/commit/7285644640f085f41d60ab0c8ae4e9153f0485db,7285644640f085f41d60ab0c8ae4e9153f0485db,2024-07-09 13:03:07 +0000
https://github.com/django/django/commit/79f368764295df109a37192f6182fb6f361d85b5,79f368764295df109a37192f6182fb6f361d85b5,2024-07-09 13:40:37 +0000
https://github.com/django/django/commit/072963e4c4d0b3a7a8c5412bc0c7d27d1a9c3521,072963e4c4d0b3a7a8c5412bc0c7d27d1a9c3521,2024-03-04 07:37:38 +0000
https://github.com/django/django/commit/3394fc6132436eca89e997083bae9985fb7e761e,3394fc6132436eca89e997083bae9985fb7e761e,2024-03-04 07:22:40 +0000
https://github.com/django/django/commit/3c9a2771cc80821e041b16eb36c1c37af5349d4a,3c9a2771cc80821e041b16eb36c1c37af5349d4a,2024-03-04 07:36:56 +0000
https://github.com/django/django/commit/16a8fe18a3b81250f4fa57e3f93f0599dc4895bc,16a8fe18a3b81250f4fa57e3f93f0599dc4895bc,2024-02-06 12:13:21 +0000
https://github.com/django/django/commit/55519d6cf8998fe4c8f5c8abffc2b10a7c3d14e9,55519d6cf8998fe4c8f5c8abffc2b10a7c3d14e9,2024-02-06 12:07:31 +0000
https://github.com/django/django/commit/572ea07e84b38ea8de0551f4b4eda685d91d09d2,572ea07e84b38ea8de0551f4b4eda685d91d09d2,2024-02-06 12:56:20 +0000
https://github.com/django/django/commit/c1171ffbd570db90ca206c30f8e2b9f691243820,c1171ffbd570db90ca206c30f8e2b9f691243820,2024-02-06 13:28:51 +0000
https://github.com/django/django/commit/be9c27c4d18c2e6a5be8af4e53c0797440794473,be9c27c4d18c2e6a5be8af4e53c0797440794473,2023-10-04 12:39:49 +0000
https://github.com/django/django/commit/c7b7024742250414e426ad49fb80db943e7ba4e8,c7b7024742250414e426ad49fb80db943e7ba4e8,2023-10-04 12:40:33 +0000
https://github.com/django/django/commit/ccdade1a0262537868d7ca64374de3d957ca50c5,ccdade1a0262537868d7ca64374de3d957ca50c5,2023-10-04 12:41:12 +0000
https://github.com/django/django/commit/6f030b1149bd8fa4ba90452e77cb3edc095ce54e,6f030b1149bd8fa4ba90452e77cb3edc095ce54e,2023-09-04 10:23:18 +0000
https://github.com/django/django/commit/9c51b4dcfa0cefcb48231f4d71cafa80821f87b9,9c51b4dcfa0cefcb48231f4d71cafa80821f87b9,2023-09-04 10:05:35 +0000
https://github.com/django/django/commit/ba00bc5ec6a7eff5e08be438f7b5b0e9574e8ff0,ba00bc5ec6a7eff5e08be438f7b5b0e9574e8ff0,2023-09-04 10:14:21 +0000
https://github.com/django/django/commit/048a9ebb6ea468426cb4e57c71572cbbd975517f,048a9ebb6ea468426cb4e57c71572cbbd975517f,2023-11-01 05:19:20 +0000
https://github.com/django/django/commit/4965bfdde2e5a5c883685019e57d123a3368a75e,4965bfdde2e5a5c883685019e57d123a3368a75e,2023-11-01 05:26:16 +0000
https://github.com/django/django/commit/f9a7fb8466a7ba4857eaf930099b5258f3eafb2b,f9a7fb8466a7ba4857eaf930099b5258f3eafb2b,2023-11-01 05:30:59 +0000
https://github.com/django/django/commit/454f2fb93437f98917283336201b4048293f7582,454f2fb93437f98917283336201b4048293f7582,2023-07-03 06:32:26 +0000
https://github.com/django/django/commit/ad0410ec4f458aa39803e5f6b9a3736527062dcd,ad0410ec4f458aa39803e5f6b9a3736527062dcd,2023-07-03 06:16:55 +0000
https://github.com/django/django/commit/b7c5feb35a31799de6e582ad6a5a91a9de74e0f9,b7c5feb35a31799de6e582ad6a5a91a9de74e0f9,2023-07-03 06:19:23 +0000
https://github.com/django/django/commit/beb3f3d55940d9aa7198bf9d424ab74e873aec3d,beb3f3d55940d9aa7198bf9d424ab74e873aec3d,2023-07-03 06:27:05 +0000
https://github.com/django/django/commit/21b1b1fc03e5f9e9f8c977ee6e35618dd3b353dd,21b1b1fc03e5f9e9f8c977ee6e35618dd3b353dd,2023-05-03 11:43:16 +0000
https://github.com/django/django/commit/e7c3a2ccc3a562328600be05068ed9149e12ce64,e7c3a2ccc3a562328600be05068ed9149e12ce64,2023-05-03 11:54:21 +0000
https://github.com/django/django/commit/eed53d0011622e70b936e203005f0e6f4ac48965,eed53d0011622e70b936e203005f0e6f4ac48965,2023-05-03 11:58:52 +0000
https://github.com/django/django/commit/628b33a854a9c68ec8a0c51f382f304a0044ec92,628b33a854a9c68ec8a0c51f382f304a0044ec92,2023-02-14 07:24:06 +0000
https://github.com/django/django/commit/83f1ea83e4553e211c1c5a0dfc197b66d4e50432,83f1ea83e4553e211c1c5a0dfc197b66d4e50432,2023-02-07 09:36:32 +0000
https://github.com/django/django/commit/a665ed5179f5bbd3db95ce67286d0192eff041d8,a665ed5179f5bbd3db95ce67286d0192eff041d8,2023-02-07 09:39:25 +0000
https://github.com/django/django/commit/4452642f193533e288a52c02efb5bbc766a68f95,4452642f193533e288a52c02efb5bbc766a68f95,2023-02-01 08:47:17 +0000
https://github.com/django/django/commit/9d7bd5a56b1ce0576e8e07a8001373576d277942,9d7bd5a56b1ce0576e8e07a8001373576d277942,2023-02-01 08:46:23 +0000
https://github.com/django/django/commit/c7e0151fdf33e1b11d488b6f67b94fdf3a30614a,c7e0151fdf33e1b11d488b6f67b94fdf3a30614a,2023-02-01 08:48:18 +0000
https://github.com/django/django/commit/5b6b257fa7ec37ff27965358800c67e2dd11c924,5b6b257fa7ec37ff27965358800c67e2dd11c924,2022-09-27 08:17:34 +0000
https://github.com/django/django/commit/23f0093125ac2e553da6c1b2f9988eb6a3dd2ea1,23f0093125ac2e553da6c1b2f9988eb6a3dd2ea1,2022-09-27 08:26:46 +0000
https://github.com/django/django/commit/9d656ea51d9ea7105c0c0785783ac29d426a7d25,9d656ea51d9ea7105c0c0785783ac29d426a7d25,2022-10-04 07:12:42 +0000
https://github.com/django/django/commit/b3e4494d759202a3b6bf247fd34455bf13be5b80,b3e4494d759202a3b6bf247fd34455bf13be5b80,2022-08-03 06:48:33 +0000
https://github.com/django/django/commit/b7d9529cbe0af4adabb6ea5d01ed8dcce3668fb3,b7d9529cbe0af4adabb6ea5d01ed8dcce3668fb3,2022-08-03 06:48:00 +0000
https://github.com/django/django/commit/bd062445cffd3f6cc6dcd20d13e2abed818fa173,bd062445cffd3f6cc6dcd20d13e2abed818fa173,2022-08-03 06:46:31 +0000
https://github.com/django/django/commit/5e2f4ddf2940704a26a4ac782b851989668d74db,5e2f4ddf2940704a26a4ac782b851989668d74db,2022-07-09 11:02:07 +0000
https://github.com/django/django/commit/877c800f255ccaa7abde1fb944de45d1616f5cc9,877c800f255ccaa7abde1fb944de45d1616f5cc9,2022-07-06 05:40:07 +0000
https://github.com/django/django/commit/0dc9c016fadb71a067e5a42be30164e3f96c0492,0dc9c016fadb71a067e5a42be30164e3f96c0492,2022-07-04 06:26:57 +0000
https://github.com/django/django/commit/a9010fe5555e6086a9d9ae50069579400ef0685e,a9010fe5555e6086a9d9ae50069579400ef0685e,2022-07-04 06:41:33 +0000
https://github.com/django/django/commit/4dea4883e6c50d75f215a6b9bcbd95273f57c72d,4dea4883e6c50d75f215a6b9bcbd95273f57c72d,2012-07-30 20:03:46 +0000
https://github.com/django/django/commit/e34685034b60be1112160e76091e5aee60149fa1,e34685034b60be1112160e76091e5aee60149fa1,2012-07-30 20:03:33 +0000
https://github.com/django/django/commit/9ca0ff6268eeff92d0d0ac2c315d4b6a8e229155,9ca0ff6268eeff92d0d0ac2c315d4b6a8e229155,2012-07-30 19:55:23 +0000
https://github.com/django/django/commit/da33d67181b53fe6cc737ac1220153814a1509f6,da33d67181b53fe6cc737ac1220153814a1509f6,2012-07-30 20:00:17 +0000
https://github.com/django/django/commit/9ca0ff6268eeff92d0d0ac2c315d4b6a8e229155,9ca0ff6268eeff92d0d0ac2c315d4b6a8e229155,2012-07-30 19:55:23 +0000
https://github.com/django/django/commit/da33d67181b53fe6cc737ac1220153814a1509f6,da33d67181b53fe6cc737ac1220153814a1509f6,2012-07-30 20:00:17 +0000
https://github.com/django/django/commit/dd16b17099b7d86f27773df048c5014cf439b282,dd16b17099b7d86f27773df048c5014cf439b282,2012-07-30 19:54:29 +0000
https://github.com/django/django/commit/b2eb4787a0fff9c9993b78be5c698e85108f3446,b2eb4787a0fff9c9993b78be5c698e85108f3446,2012-07-30 19:58:22 +0000
https://github.com/django/django/commit/c14f325c4eef628bc7bfd8873c3a72aeb0219141,c14f325c4eef628bc7bfd8873c3a72aeb0219141,2012-07-30 20:00:17 +0000
https://github.com/django/django/commit/92d3430f12171f16f566c9050c40feefb830a4a3,92d3430f12171f16f566c9050c40feefb830a4a3,2012-10-17 21:40:41 +0000
https://github.com/django/django/commit/9305c0e12d43c4df999c3301a1f0c742264a657e,9305c0e12d43c4df999c3301a1f0c742264a657e,2012-10-17 21:36:41 +0000
https://github.com/django/django/commit/b45c377f8f488955e0c7069cad3f3dd21910b071,b45c377f8f488955e0c7069cad3f3dd21910b071,2012-10-17 21:43:08 +0000
https://github.com/django/django/commit/1c60d07ba23e0350351c278ad28d0bd5aa410b40,1c60d07ba23e0350351c278ad28d0bd5aa410b40,2013-02-19 17:37:54 +0000
https://github.com/django/django/commit/d19a27066b2247102e65412aa66917aff0091112,d19a27066b2247102e65412aa66917aff0091112,2013-02-12 11:13:42 +0000
https://github.com/django/django/commit/87d2750b39f6f2d54b7047225521a44dcd37e896,87d2750b39f6f2d54b7047225521a44dcd37e896,2013-09-11 01:05:47 +0000
https://github.com/django/django/commit/988b61c550d798f9a66d17ee0511fb7a9a7f33ca,988b61c550d798f9a66d17ee0511fb7a9a7f33ca,2013-09-11 01:05:03 +0000
https://github.com/django/django/commit/22b74fa09d7ccbc8c52270d648a0da7f3f0fa2bc,22b74fa09d7ccbc8c52270d648a0da7f3f0fa2bc,2013-09-15 05:48:15 +0000
https://github.com/django/django/commit/3f3d887a6844ec2db743fee64c9e53e04d39a368,3f3d887a6844ec2db743fee64c9e53e04d39a368,2013-09-15 05:49:16 +0000
https://github.com/django/django/commit/adbca5e4db42542575734b8e5d26961c8ada7265,adbca5e4db42542575734b8e5d26961c8ada7265,2016-02-01 17:05:08 +0000
https://github.com/django/django/commit/2654e1b93923bac55f12b4e66c5e39b16695ace5,2654e1b93923bac55f12b4e66c5e39b16695ace5,2015-03-09 14:17:54 +0000
https://github.com/django/django/commit/82c9169077a066995e3b00aac551bf1c8a89d98a,82c9169077a066995e3b00aac551bf1c8a89d98a,2015-03-09 14:12:21 +0000
https://github.com/django/django/commit/31cb25adecba930bdeee4556709f5a1c42d88fd6,31cb25adecba930bdeee4556709f5a1c42d88fd6,2015-05-20 17:49:07 +0000
https://github.com/django/django/commit/316bc3fc9437c5960c24baceb93c73f1939711e4,316bc3fc9437c5960c24baceb93c73f1939711e4,2015-11-24 16:20:29 +0000
https://github.com/django/django/commit/3ebbda0aef9e7a90ac6208bb8f9bc21228e2c7da,3ebbda0aef9e7a90ac6208bb8f9bc21228e2c7da,2015-11-24 17:04:55 +0000
https://github.com/django/django/commit/8a01c6b53169ee079cb21ac5919fdafcc8c5e172,8a01c6b53169ee079cb21ac5919fdafcc8c5e172,2015-11-17 02:06:32 +0000
https://github.com/django/django/commit/9f83fc2f66f5a0bac7c291aec55df66050bb6991,9f83fc2f66f5a0bac7c291aec55df66050bb6991,2015-11-24 16:31:10 +0000
https://github.com/django/django/commit/41b4bc73ee0da7b2e09f4af47fc1fd21144c710f,41b4bc73ee0da7b2e09f4af47fc1fd21144c710f,2015-01-13 18:02:56 +0000
https://github.com/django/django/commit/4f6fffc1dc429f1ad428ecf8e6620739e8837450,4f6fffc1dc429f1ad428ecf8e6620739e8837450,2015-01-05 18:43:15 +0000
https://github.com/django/django/commit/d7597b31d5c03106eeba4be14a33b32a5e25f4ee,d7597b31d5c03106eeba4be14a33b32a5e25f4ee,2015-01-13 18:10:11 +0000
https://github.com/django/django/commit/553779c4055e8742cc832ed525b9ee34b174934f,553779c4055e8742cc832ed525b9ee34b174934f,2015-01-13 18:10:11 +0000
https://github.com/django/django/commit/818e59a3f0fbadf6c447754d202d88df025f8f2a,818e59a3f0fbadf6c447754d202d88df025f8f2a,2015-01-13 18:02:56 +0000
https://github.com/django/django/commit/d020da6646c5142bc092247d218a3d1ce3e993f7,d020da6646c5142bc092247d218a3d1ce3e993f7,2015-01-05 18:43:54 +0000
https://github.com/django/django/commit/bcfb47780ce7caecb409a9e9c1c314266e41d392,bcfb47780ce7caecb409a9e9c1c314266e41d392,2015-01-13 18:02:56 +0000
https://github.com/django/django/commit/d7a06ee7e571b6dad07c0f5b519b1db02e2a476c,d7a06ee7e571b6dad07c0f5b519b1db02e2a476c,2015-01-13 18:10:11 +0000
https://github.com/django/django/commit/4c241f1b710da6419d9dca160e80b23b82db7758,4c241f1b710da6419d9dca160e80b23b82db7758,2015-01-05 18:43:32 +0000
https://github.com/django/django/commit/72e0b033662faa11bb7f516f18a132728aa0ae28,72e0b033662faa11bb7f516f18a132728aa0ae28,2015-01-13 18:10:11 +0000
https://github.com/django/django/commit/de67dedc771ad2edec15c1d00c083a1a084e1e89,de67dedc771ad2edec15c1d00c083a1a084e1e89,2015-01-13 18:02:56 +0000
https://github.com/django/django/commit/2f5485346ee6f84b4e52068c04e043092daf55f7,2f5485346ee6f84b4e52068c04e043092daf55f7,2015-08-18 12:24:51 +0000
https://github.com/django/django/commit/575f59f9bc7c59a5e41a081d1f5f55fc859c5012,575f59f9bc7c59a5e41a081d1f5f55fc859c5012,2015-08-18 12:35:42 +0000
https://github.com/django/django/commit/8cc41ce7a7a8f6bebfdd89d5ab276cd0109f4fc5,8cc41ce7a7a8f6bebfdd89d5ab276cd0109f4fc5,2015-08-18 12:03:43 +0000
https://github.com/django/django/commit/2a5bcb69f42b84464b24b5c835dca6467b6aa7f1,2a5bcb69f42b84464b24b5c835dca6467b6aa7f1,2014-04-21 22:30:57 +0000
https://github.com/django/django/commit/4352a50871e239ebcdf64eee6f0b88e714015c1b,4352a50871e239ebcdf64eee6f0b88e714015c1b,2014-04-21 22:30:27 +0000
https://github.com/django/django/commit/c1a8c420fe4b27fb2caf5e46d23b5712fc0ac535,c1a8c420fe4b27fb2caf5e46d23b5712fc0ac535,2014-04-21 22:31:44 +0000
https://github.com/django/django/commit/1170f285ddd6a94a65f911a27788ba49ca08c0b0,1170f285ddd6a94a65f911a27788ba49ca08c0b0,2014-04-21 22:31:44 +0000
https://github.com/django/django/commit/6872f42757d7ef6a97e0b6ec5db4d2615d8a2bd8,6872f42757d7ef6a97e0b6ec5db4d2615d8a2bd8,2014-04-21 22:31:05 +0000
https://github.com/django/django/commit/d63e20942f3024f24cb8cd85a49461ba8a9b6736,d63e20942f3024f24cb8cd85a49461ba8a9b6736,2014-04-21 22:30:27 +0000
https://github.com/django/django/commit/5f0829a27e85d89ad8c433f5c6a7a7d17c9e9292,5f0829a27e85d89ad8c433f5c6a7a7d17c9e9292,2014-04-21 22:30:27 +0000
https://github.com/django/django/commit/985434fb1d6bf2335bf96c6ebf91c3674f1f399f,985434fb1d6bf2335bf96c6ebf91c3674f1f399f,2014-04-21 22:31:08 +0000
https://github.com/django/django/commit/aa80f498de6d687e613860933ac58433ab71ea4b,aa80f498de6d687e613860933ac58433ab71ea4b,2014-04-21 22:31:44 +0000
https://github.com/django/django/commit/1abcf3a808b35abae5d425ed4d44cb6e886dc769,1abcf3a808b35abae5d425ed4d44cb6e886dc769,2014-05-14 08:15:06 +0000
https://github.com/django/django/commit/28e23306aa53bbbb8fb87db85f99d970b051026c,28e23306aa53bbbb8fb87db85f99d970b051026c,2014-05-12 13:46:22 +0000
https://github.com/django/django/commit/4001ec8698f577b973c5a540801d8a0bbea1205b,4001ec8698f577b973c5a540801d8a0bbea1205b,2014-05-12 13:41:34 +0000
https://github.com/django/django/commit/90363e388c61874add3f3557ee654a996ec75d78,90363e388c61874add3f3557ee654a996ec75d78,2013-08-13 16:04:21 +0000
https://github.com/django/django/commit/cbe6d5568f4f5053ed7228ca3c3d0cce77cf9560,cbe6d5568f4f5053ed7228ca3c3d0cce77cf9560,2013-08-13 16:06:41 +0000
https://github.com/django/django/commit/c5544d289233f501917e25970c03ed444abbd4f0,c5544d289233f501917e25970c03ed444abbd4f0,2016-03-01 16:25:28 +0000
https://github.com/django/django/commit/382ab137312961ad62feb8109d70a5a581fe8350,382ab137312961ad62feb8109d70a5a581fe8350,2016-02-29 13:07:17 +0000
https://github.com/django/django/commit/fc6d147a63f89795dbcdecb0559256470fff4380,fc6d147a63f89795dbcdecb0559256470fff4380,2016-03-01 16:38:49 +0000
https://github.com/django/django/commit/67b46ba7016da2d259c1ecc7d666d11f5e1cfaab,67b46ba7016da2d259c1ecc7d666d11f5e1cfaab,2016-03-01 16:25:28 +0000
https://github.com/django/django/commit/af7d09b0c5c6ab68e629fd9baf736f9dd203b18e,af7d09b0c5c6ab68e629fd9baf736f9dd203b18e,2016-03-01 16:38:49 +0000
https://github.com/django/django/commit/f4e6e02f7713a6924d16540be279909ff4091eb6,f4e6e02f7713a6924d16540be279909ff4091eb6,2016-02-29 13:07:17 +0000
https://github.com/django/django/commit/1ba1cdce7d58e6740fe51955d945b56ae51d072a,1ba1cdce7d58e6740fe51955d945b56ae51d072a,2015-07-08 11:38:06 +0000
https://github.com/django/django/commit/574dd5e0b0fbb877ae5827b1603d298edc9bb2a0,574dd5e0b0fbb877ae5827b1603d298edc9bb2a0,2015-07-08 19:23:18 +0000
https://github.com/django/django/commit/ae49b4d994656bc037513dcd064cb9ce5bb85649,ae49b4d994656bc037513dcd064cb9ce5bb85649,2015-07-08 11:35:43 +0000
https://github.com/django/django/commit/8f9a4d3a2bc42f14bb437defd30c7315adbff22c,8f9a4d3a2bc42f14bb437defd30c7315adbff22c,2015-07-08 19:23:19 +0000
https://github.com/django/django/commit/8f9a4d3a2bc42f14bb437defd30c7315adbff22c,8f9a4d3a2bc42f14bb437defd30c7315adbff22c,2015-07-08 19:23:19 +0000
https://github.com/django/django/commit/2f5485346ee6f84b4e52068c04e043092daf55f7,2f5485346ee6f84b4e52068c04e043092daf55f7,2015-08-18 12:24:51 +0000
https://github.com/django/django/commit/575f59f9bc7c59a5e41a081d1f5f55fc859c5012,575f59f9bc7c59a5e41a081d1f5f55fc859c5012,2015-08-18 12:35:42 +0000
https://github.com/django/django/commit/8cc41ce7a7a8f6bebfdd89d5ab276cd0109f4fc5,8cc41ce7a7a8f6bebfdd89d5ab276cd0109f4fc5,2015-08-18 12:03:43 +0000
https://github.com/django/django/commit/2eb86b01d7b59be06076f6179a454d0fd0afaff6,2eb86b01d7b59be06076f6179a454d0fd0afaff6,2015-08-18 12:15:15 +0000
https://github.com/django/django/commit/45acd6d836895a4c36575f48b3fb36a3dae98d19,45acd6d836895a4c36575f48b3fb36a3dae98d19,2016-10-25 19:18:29 +0000
https://github.com/django/django/commit/884e113838e5a72b4b0ec9e5e87aa480f6aa4472,884e113838e5a72b4b0ec9e5e87aa480f6aa4472,2016-11-01 13:36:44 +0000
https://github.com/django/django/commit/c401ae9a7dfb1a94a8a61927ed541d6f93089587,c401ae9a7dfb1a94a8a61927ed541d6f93089587,2016-10-25 19:27:45 +0000
https://github.com/django/django/commit/34e10720d81b8d407aa14d763b6a7fe8f13b4f2e,34e10720d81b8d407aa14d763b6a7fe8f13b4f2e,2016-11-01 13:36:44 +0000
https://github.com/django/django/commit/4844d86c7728c1a5a3bbce4ad336a8d32304072b,4844d86c7728c1a5a3bbce4ad336a8d32304072b,2016-10-25 18:31:42 +0000
https://github.com/django/django/commit/70f99952965a430daf69eeb9947079aae535d2d0,70f99952965a430daf69eeb9947079aae535d2d0,2016-10-25 18:24:11 +0000
https://github.com/django/django/commit/1a274ccd6bc1afbdac80344c9b6e5810c1162b5f,1a274ccd6bc1afbdac80344c9b6e5810c1162b5f,2013-08-13 16:03:49 +0000
https://github.com/django/django/commit/ae3535169af804352517b7fea94a42a1c9c4b762,ae3535169af804352517b7fea94a42a1c9c4b762,2013-08-13 16:06:22 +0000
https://github.com/django/django/commit/ec67af0bd609c412b76eaa4cc89968a2a8e5ad6a,ec67af0bd609c412b76eaa4cc89968a2a8e5ad6a,2013-08-13 16:00:13 +0000
https://github.com/django/django/commit/6fe846a8f08dc959003f298b5407e321c6fe3735,6fe846a8f08dc959003f298b5407e321c6fe3735,2016-09-26 22:01:19 +0000
https://github.com/django/django/commit/6118ab7d0676f0d622278e5be215f14fb5410b6a,6118ab7d0676f0d622278e5be215f14fb5410b6a,2016-09-14 17:42:24 +0000
https://github.com/django/django/commit/d1bc980db1c0fffd6d60677e62f70beadb9fe64a,d1bc980db1c0fffd6d60677e62f70beadb9fe64a,2016-09-26 16:54:36 +0000
https://github.com/django/django/commit/2f7fadc38efa58ac0a8f93f936b82332a199f396,2f7fadc38efa58ac0a8f93f936b82332a199f396,2011-09-10 01:07:50 +0000
https://github.com/django/django/commit/c613af4d6485586c79d692b70a9acac429f3ca9d,c613af4d6485586c79d692b70a9acac429f3ca9d,2011-09-10 01:28:31 +0000
https://github.com/django/django/commit/1a76dbefdfc60e2d5954c0ba614c3d054ba9c3f0,1a76dbefdfc60e2d5954c0ba614c3d054ba9c3f0,2011-09-10 01:08:24 +0000
https://github.com/django/django/commit/7268f8af86186518821d775c530d5558fd726930,7268f8af86186518821d775c530d5558fd726930,2011-09-10 01:28:50 +0000
https://github.com/django/django/commit/d03bf6fe4e9bf5b07de62c1a271c4b41a7d3d158,d03bf6fe4e9bf5b07de62c1a271c4b41a7d3d158,2016-07-15 13:23:32 +0000
https://github.com/django/django/commit/f68e5a99164867ab0e071a936470958ed867479d,f68e5a99164867ab0e071a936470958ed867479d,2016-07-18 17:45:11 +0000
https://github.com/django/django/commit/6fa150b2f8b601668083042324c4add534143cb1,6fa150b2f8b601668083042324c4add534143cb1,2016-07-18 15:17:19 +0000
https://github.com/django/django/commit/601107524523bca02376a0ddc1a06c6fdb8f22f3,601107524523bca02376a0ddc1a06c6fdb8f22f3,2014-05-14 08:15:06 +0000
https://github.com/django/django/commit/7feb54bbae3f637ab3c4dd4831d4385964f574df,7feb54bbae3f637ab3c4dd4831d4385964f574df,2014-05-12 13:46:40 +0000
https://github.com/django/django/commit/ad32c218850ad40972dcef57beb460f8c979dd6d,ad32c218850ad40972dcef57beb460f8c979dd6d,2014-05-12 13:42:06 +0000
https://github.com/django/django/commit/2b31342cdf14fc20e07c43d258f1e7334ad664a6,2b31342cdf14fc20e07c43d258f1e7334ad664a6,2014-08-20 18:42:48 +0000
https://github.com/django/django/commit/027bd348642007617518379f8b02546abacaa6e0,027bd348642007617518379f8b02546abacaa6e0,2014-08-11 20:01:41 +0000
https://github.com/django/django/commit/2a446c896e7c814661fb9c4f212b071b2a7fa446,2a446c896e7c814661fb9c4f212b071b2a7fa446,2014-08-20 15:44:02 +0000
https://github.com/django/django/commit/f7c494f2506250b8cb5923714360a3642ed63e0f,f7c494f2506250b8cb5923714360a3642ed63e0f,2014-08-20 15:43:43 +0000
https://github.com/django/django/commit/45ac9d4fb087d21902469fc22643f5201d41a0cd,45ac9d4fb087d21902469fc22643f5201d41a0cd,2014-08-20 15:44:02 +0000
https://github.com/django/django/commit/c2fe73133b62a1d9e8f7a6b43966570b14618d7e,c2fe73133b62a1d9e8f7a6b43966570b14618d7e,2014-08-11 13:04:23 +0000
https://github.com/django/django/commit/da051da8df5e69944745072611351d4cfc6435d5,da051da8df5e69944745072611351d4cfc6435d5,2014-08-20 15:43:43 +0000
https://github.com/django/django/commit/0268b855f9eab3377f2821164ef3e66037789e09,0268b855f9eab3377f2821164ef3e66037789e09,2014-08-20 15:43:43 +0000
https://github.com/django/django/commit/5307ce565fbedb9cc27cbe7c757b41a00438d37c,5307ce565fbedb9cc27cbe7c757b41a00438d37c,2014-08-20 18:39:40 +0000
https://github.com/django/django/commit/c9e3b9949cd55f090591fbdc4a114fcb8368b6d9,c9e3b9949cd55f090591fbdc4a114fcb8368b6d9,2014-08-11 16:15:06 +0000
https://github.com/django/django/commit/dd68f319b365f6cb38c5a6c106faf4f6142d7d88,dd68f319b365f6cb38c5a6c106faf4f6142d7d88,2014-08-20 15:44:02 +0000
https://github.com/django/django/commit/5447709a571cd5d95971f1d5d21d4a7edcf85bbd,5447709a571cd5d95971f1d5d21d4a7edcf85bbd,2015-03-18 23:23:21 +0000
https://github.com/django/django/commit/b6b3cb9899214a23ebb0f4ebf0e0b300b0ee524f,b6b3cb9899214a23ebb0f4ebf0e0b300b0ee524f,2015-03-18 12:47:16 +0000
https://github.com/django/django/commit/e63363f8e075fa8d66326ad6a1cc3391cc95cd97,e63363f8e075fa8d66326ad6a1cc3391cc95cd97,2015-03-18 12:51:21 +0000
https://github.com/django/django/commit/2342693b31f740a422abf7267c53b4e7bc487c1b,2342693b31f740a422abf7267c53b4e7bc487c1b,2015-03-18 12:39:37 +0000
https://github.com/django/django/commit/2a4113dbd532ce952308992633d802dc169a75f1,2a4113dbd532ce952308992633d802dc169a75f1,2015-03-18 12:51:51 +0000
https://github.com/django/django/commit/5510f070711540aaa8d3707776cd77494e688ef9,5510f070711540aaa8d3707776cd77494e688ef9,2015-03-18 12:47:43 +0000
https://github.com/django/django/commit/770427c2896a078925abfca2317486b284d22f04,770427c2896a078925abfca2317486b284d22f04,2015-03-18 23:23:21 +0000
https://github.com/django/django/commit/26cd48e166ac4d84317c8ee6d63ac52a87e8da99,26cd48e166ac4d84317c8ee6d63ac52a87e8da99,2014-08-20 15:44:02 +0000
https://github.com/django/django/commit/30042d475bf084c6723c6217a21598d9247a9c41,30042d475bf084c6723c6217a21598d9247a9c41,2014-08-11 14:14:06 +0000
https://github.com/django/django/commit/dd0c3f4ee1a30c1a1e6055061c6ba6e58c6b54d1,dd0c3f4ee1a30c1a1e6055061c6ba6e58c6b54d1,2014-08-20 15:43:43 +0000
https://github.com/django/django/commit/0e7861aec73702f7933ce2a93056f7983939f0d6,0e7861aec73702f7933ce2a93056f7983939f0d6,2013-02-19 17:37:54 +0000
https://github.com/django/django/commit/d3a45e10c8ac8268899999129daa27652ec0da35,d3a45e10c8ac8268899999129daa27652ec0da35,2013-02-12 11:13:42 +0000
https://github.com/django/django/commit/0cc350a896f70ace18280410eb616a9197d862b0,0cc350a896f70ace18280410eb616a9197d862b0,2013-02-19 17:37:54 +0000
https://github.com/django/django/commit/d7094bbce8cb838f3b40f504f198c098ff1cf727,d7094bbce8cb838f3b40f504f198c098ff1cf727,2013-02-12 11:13:42 +0000
https://github.com/django/django/commit/594a28a9044120bed58671dde8a805c9e0f6c79a,594a28a9044120bed58671dde8a805c9e0f6c79a,2009-10-09 20:59:25 +0000
https://github.com/django/django/commit/e3e992e18b368fcd56aabafc1b5bf80a6e11b495,e3e992e18b368fcd56aabafc1b5bf80a6e11b495,2009-10-09 20:59:05 +0000
https://github.com/django/django/commit/da85d76fd6ca846f3b0ff414e042ddb5e62e2e69,da85d76fd6ca846f3b0ff414e042ddb5e62e2e69,2009-07-29 02:57:43 +0000
https://github.com/django/django/commit/df7f917b7f51ba969faa49d000ffc79572c5dcb4,df7f917b7f51ba969faa49d000ffc79572c5dcb4,2009-07-29 02:55:26 +0000
https://github.com/django/django/commit/44debfeaa4473bd28872c735dd3d9afde6886752,44debfeaa4473bd28872c735dd3d9afde6886752,2008-09-02 21:10:00 +0000
https://github.com/django/django/commit/7e0972bded362bc4b851c109df2c8a6548481a8e,7e0972bded362bc4b851c109df2c8a6548481a8e,2008-09-02 21:10:00 +0000
https://github.com/django/django/commit/aee48854a164382c655acb9f18b3c06c3d238e81,aee48854a164382c655acb9f18b3c06c3d238e81,2008-09-02 21:10:00 +0000
https://github.com/django/django/commit/50ce7fb57d79e8940ccf6e2781f2f01df029b5c5,50ce7fb57d79e8940ccf6e2781f2f01df029b5c5,2008-05-14 04:07:15 +0000
https://github.com/django/django/commit/6e657e2c404a96e744748209e896d8a69c15fdf2,6e657e2c404a96e744748209e896d8a69c15fdf2,2008-05-14 04:07:42 +0000
https://github.com/django/django/commit/7791e5c050cebf86d868c5dab7092185b125fdc9,7791e5c050cebf86d868c5dab7092185b125fdc9,2008-05-14 04:06:46 +0000
https://github.com/django/django/commit/412ed22502e11c50dbfee854627594f0e7e2c234,412ed22502e11c50dbfee854627594f0e7e2c234,2007-10-26 19:52:16 +0000
https://github.com/django/django/commit/7dd2dd08a79e388732ce00e2b5514f15bd6d0f6f,7dd2dd08a79e388732ce00e2b5514f15bd6d0f6f,2007-10-26 19:52:29 +0000
https://github.com/django/django/commit/8bc36e726c9e8c75c681d3ad232df8e882aaac81,8bc36e726c9e8c75c681d3ad232df8e882aaac81,2007-10-26 19:52:04 +0000
https://github.com/django/django/commit/3c5782287e,3c5782287e,2006-09-12 17:30:47 +0000
https://github.com/django/django/commit/e89f0a65581f82a5740bfe989136cea75d09cd67,e89f0a65581f82a5740bfe989136cea75d09cd67,2007-01-20 02:05:02 +0000
https://github.com/django/django/commit/518d406e53,518d406e53,2006-08-16 06:28:13 +0000
https://github.com/django/django/commit/a132d411c6986418ee6c0edc331080aa792fee6e,a132d411c6986418ee6c0edc331080aa792fee6e,2007-01-20 02:02:07 +0000
https://github.com/django/django/commit/93cae5cb2f9a4ef1514cf1a41f714fef08005200,93cae5cb2f9a4ef1514cf1a41f714fef08005200,2022-04-11 06:59:33 +0000
https://github.com/django/django/commit/2044dac5c6968441be6f534c4139bcf48c5c7e48,2044dac5c6968441be6f534c4139bcf48c5c7e48,2022-04-11 07:12:06 +0000
https://github.com/django/django/commit/2c09e68ec911919360d5f8502cefc312f9e03c5d,2c09e68ec911919360d5f8502cefc312f9e03c5d,2022-04-11 07:22:17 +0000
https://github.com/django/django/commit/800828887a0509ad1162d6d407e94d8de7eafc60,800828887a0509ad1162d6d407e94d8de7eafc60,2022-04-11 07:02:14 +0000
https://github.com/django/django/commit/6723a26e59b0b5429a0c5873941e01a2e1bdbb81,6723a26e59b0b5429a0c5873941e01a2e1bdbb81,2022-04-11 06:59:58 +0000
https://github.com/django/django/commit/00b0fc50e1738c7174c495464a5ef069408a4402,00b0fc50e1738c7174c495464a5ef069408a4402,2022-04-11 07:02:58 +0000
https://github.com/django/django/commit/29a6c98b4c13af82064f993f0acc6e8fafa4d3f5,29a6c98b4c13af82064f993f0acc6e8fafa4d3f5,2022-04-11 07:23:12 +0000
https://github.com/django/django/commit/9e19accb6e0a00ba77d5a95a91675bf18877c72d,9e19accb6e0a00ba77d5a95a91675bf18877c72d,2022-04-11 07:12:58 +0000
https://github.com/django/django/commit/01422046065d2b51f8f613409cad2c81b39487e5,01422046065d2b51f8f613409cad2c81b39487e5,2022-02-01 06:43:45 +0000
https://github.com/django/django/commit/1a1e8278c46418bde24c86a65443b0674bae65e2,1a1e8278c46418bde24c86a65443b0674bae65e2,2022-02-01 06:53:21 +0000
https://github.com/django/django/commit/c27a7eb9f40b64990398978152e62b6ff839c2e6,c27a7eb9f40b64990398978152e62b6ff839c2e6,2022-02-01 06:56:29 +0000
https://github.com/django/django/commit/c477b761804984c932704554ad35f78a2e230c6a,c477b761804984c932704554ad35f78a2e230c6a,2022-02-01 06:57:28 +0000
https://github.com/django/django/commit/d16133568ef9c9b42cb7a08bdf9ff3feec2e5468,d16133568ef9c9b42cb7a08bdf9ff3feec2e5468,2022-02-01 06:54:17 +0000
https://github.com/django/django/commit/f9c7d48fdd6f198a6494a9202f90242f176e4fc9,f9c7d48fdd6f198a6494a9202f90242f176e4fc9,2022-02-01 06:44:49 +0000
https://github.com/django/django/commit/2a8ec7f546d6d5806e221ec948c5146b55bd7489,2a8ec7f546d6d5806e221ec948c5146b55bd7489,2022-01-04 09:10:14 +0000
https://github.com/django/django/commit/c7fe895bca06daf12cc1670b56eaf72a1ef27a16,c7fe895bca06daf12cc1670b56eaf72a1ef27a16,2022-01-04 09:19:49 +0000
https://github.com/django/django/commit/c9f648ccfac5ab90fb2829a66da4f77e68c7f93a,c9f648ccfac5ab90fb2829a66da4f77e68c7f93a,2022-01-04 09:20:31 +0000
https://github.com/django/django/commit/4cb35b384ceef52123fc66411a73c36a706825e1,4cb35b384ceef52123fc66411a73c36a706825e1,2022-01-04 09:20:31 +0000
https://github.com/django/django/commit/8d2f7cff76200cbd2337b2cf1707e383eb1fb54b,8d2f7cff76200cbd2337b2cf1707e383eb1fb54b,2022-01-04 09:19:49 +0000
https://github.com/django/django/commit/e1592e0f26302e79856cc7f2218ae848ae19b0f6,e1592e0f26302e79856cc7f2218ae848ae19b0f6,2022-01-04 09:10:14 +0000
https://github.com/django/django/commit/2135637fdd5ce994de110affef9e67dffdf77277,2135637fdd5ce994de110affef9e67dffdf77277,2022-01-04 09:20:31 +0000
https://github.com/django/django/commit/a8b32fe13bcaed1c0b772fdc53de84abc224fb20,a8b32fe13bcaed1c0b772fdc53de84abc224fb20,2022-01-04 09:19:49 +0000
https://github.com/django/django/commit/df79ef03ac867c93caaa6be56bc69e66abfeef8f,df79ef03ac867c93caaa6be56bc69e66abfeef8f,2022-01-04 09:10:14 +0000
https://github.com/django/django/commit/d4dcd5b9dd9e462fec8220e33e3e6c822b7e88a6,d4dcd5b9dd9e462fec8220e33e3e6c822b7e88a6,2021-12-07 05:28:08 +0000
https://github.com/django/django/commit/0bd57a879a0d54920bb9038a732645fb917040e9,0bd57a879a0d54920bb9038a732645fb917040e9,2021-07-01 06:36:17 +0000
https://github.com/django/django/commit/a34a5f724c5d5adb2109374ba3989ebb7b11f81f,a34a5f724c5d5adb2109374ba3989ebb7b11f81f,2021-07-01 06:29:23 +0000
https://github.com/django/django/commit/dae83a24519d6f284c74414e0b81d64d9b5a0db4,dae83a24519d6f284c74414e0b81d64d9b5a0db4,2021-07-01 07:42:54 +0000
https://github.com/django/django/commit/203d4ab9ebcd72fc4d6eb7398e66ed9e474e118e,203d4ab9ebcd72fc4d6eb7398e66ed9e474e118e,2021-06-02 08:38:07 +0000
https://github.com/django/django/commit/9f75e2e562fa0c0482f3dde6fc7399a9070b4a3d,9f75e2e562fa0c0482f3dde6fc7399a9070b4a3d,2021-06-02 08:44:39 +0000
https://github.com/django/django/commit/f27c38ab5d90f68c9dd60cabef248a570c0be8fc,f27c38ab5d90f68c9dd60cabef248a570c0be8fc,2021-06-02 08:26:22 +0000
https://github.com/django/django/commit/053cc9534d174dc89daba36724ed2dcb36755b90,053cc9534d174dc89daba36724ed2dcb36755b90,2021-06-02 08:26:22 +0000
https://github.com/django/django/commit/20c67a0693c4ede2b09af02574823485e82e4c8f,20c67a0693c4ede2b09af02574823485e82e4c8f,2021-06-02 08:38:07 +0000
https://github.com/django/django/commit/dfaba12cda060b8b292ae1d271b44bf810b1c5b9,dfaba12cda060b8b292ae1d271b44bf810b1c5b9,2021-06-02 08:44:39 +0000
https://github.com/django/django/commit/e1e81aa1c4427411e3c68facdd761229ffea6f6f,e1e81aa1c4427411e3c68facdd761229ffea6f6f,2021-05-06 06:45:23 +0000
https://github.com/django/django/commit/04ac1624bdc2fa737188401757cf95ced122d26d,04ac1624bdc2fa737188401757cf95ced122d26d,2021-04-27 17:10:08 +0000
https://github.com/django/django/commit/25d84d64122c15050a0ee739e859f22ddab5ac48,25d84d64122c15050a0ee739e859f22ddab5ac48,2021-04-27 17:12:15 +0000
https://github.com/django/django/commit/c98f446c188596d4ba6de71d1b77b4a6c5c2a007,c98f446c188596d4ba6de71d1b77b4a6c5c2a007,2021-05-04 06:43:52 +0000
https://github.com/django/django/commit/8d7271578d7b153435b40fe40236ebec43cbf1b9,8d7271578d7b153435b40fe40236ebec43cbf1b9,2020-09-01 07:17:23 +0000
https://github.com/django/django/commit/1853724acaf17ed7414d54c7d2b5563a25025a71,1853724acaf17ed7414d54c7d2b5563a25025a71,2020-09-01 07:17:23 +0000
https://github.com/django/django/commit/2b099caa5923afa8cfb5f1e8c0d56b6e0e81915b,2b099caa5923afa8cfb5f1e8c0d56b6e0e81915b,2020-09-01 07:35:05 +0000
https://github.com/django/django/commit/a3aebfdc8153dc230686b6d2454ccd32ed4c9e6f,a3aebfdc8153dc230686b6d2454ccd32ed4c9e6f,2020-08-25 09:09:40 +0000
https://github.com/django/django/commit/cdb367c92a0ba72ddc0cbd13ff42b0e6df709554,cdb367c92a0ba72ddc0cbd13ff42b0e6df709554,2020-08-25 08:45:33 +0000
https://github.com/django/django/commit/05413afa8c18cdb978fcdf470e09f7a12b234a23,05413afa8c18cdb978fcdf470e09f7a12b234a23,2021-02-01 08:07:36 +0000
https://github.com/django/django/commit/02e6592835b4559909aa3aaaf67988fef435f624,02e6592835b4559909aa3aaaf67988fef435f624,2021-02-01 08:13:58 +0000
https://github.com/django/django/commit/21e7622dec1f8612c85c2fc37fe8efbfd3311e37,21e7622dec1f8612c85c2fc37fe8efbfd3311e37,2021-02-01 08:14:54 +0000
https://github.com/django/django/commit/52e409ed17287e9aabda847b6afe58be2fa9f86a,52e409ed17287e9aabda847b6afe58be2fa9f86a,2021-02-01 08:14:22 +0000
https://github.com/django/django/commit/1f2dd37f6fcefdd10ed44cb233b2e62b520afb38,1f2dd37f6fcefdd10ed44cb233b2e62b520afb38,2020-06-03 07:32:35 +0000
https://github.com/django/django/commit/6d61860b22875f358fac83d903dc629897934815,6d61860b22875f358fac83d903dc629897934815,2020-06-03 07:33:38 +0000
https://github.com/django/django/commit/07e59caa02831c4569bbebb9eb773bdd9cb4b206,07e59caa02831c4569bbebb9eb773bdd9cb4b206,2020-06-03 07:34:29 +0000
https://github.com/django/django/commit/84b2da5552e100ae3294f564f6c862fef8d0e693,84b2da5552e100ae3294f564f6c862fef8d0e693,2020-06-03 07:33:20 +0000
https://github.com/django/django/commit/6695d29b1c1ce979725816295a26ecc64ae0e927,6695d29b1c1ce979725816295a26ecc64ae0e927,2020-03-04 08:04:50 +0000
https://github.com/django/django/commit/eb31d845323618d688ad429479c6dda973056136,eb31d845323618d688ad429479c6dda973056136,2020-02-03 07:49:13 +0000
https://github.com/django/django/commit/001b0634cd309e372edb6d7d95d083d02b8e37bd,001b0634cd309e372edb6d7d95d083d02b8e37bd,2020-01-26 18:02:04 +0000
https://github.com/django/django/commit/505826b469b16ab36693360da9e11fd13213421b,505826b469b16ab36693360da9e11fd13213421b,2020-02-03 07:32:54 +0000
https://github.com/django/django/commit/c67a368c16e4680b324b4f385398d638db4d8147,c67a368c16e4680b324b4f385398d638db4d8147,2020-01-26 17:51:25 +0000
https://github.com/django/django/commit/5b1fbcef7a8bec991ebe7b2a18b5d5a95d72cb70,5b1fbcef7a8bec991ebe7b2a18b5d5a95d72cb70,2019-12-18 08:11:39 +0000
https://github.com/django/django/commit/f4cff43bf921fcea6a29b726eb66767f67753fa2,f4cff43bf921fcea6a29b726eb66767f67753fa2,2019-12-18 08:17:28 +0000
https://github.com/django/django/commit/302a4ff1e8b1c798aab97673909c7a3dfda42c26,302a4ff1e8b1c798aab97673909c7a3dfda42c26,2019-12-18 08:14:44 +0000
https://github.com/django/django/commit/4d334bea06cac63dc1272abcec545b85136cca0e,4d334bea06cac63dc1272abcec545b85136cca0e,2019-12-18 08:16:08 +0000
https://github.com/django/django/commit/103ebe2b5ff1b2614b85a52c239f471904d26244,103ebe2b5ff1b2614b85a52c239f471904d26244,2019-12-02 07:58:35 +0000
https://github.com/django/django/commit/36f580a17f0b3cb087deadf3b65eea024f479c21,36f580a17f0b3cb087deadf3b65eea024f479c21,2019-12-02 07:58:14 +0000
https://github.com/django/django/commit/4f5b58f5cd3c57fee9972ab074f8dc6895d8f387,4f5b58f5cd3c57fee9972ab074f8dc6895d8f387,2019-07-29 09:06:54 +0000
https://github.com/django/django/commit/ed682a24fca774818542757651bfba576c3fc3ef,ed682a24fca774818542757651bfba576c3fc3ef,2019-07-31 19:29:17 +0000
https://github.com/django/django/commit/f74b3ae3628c26e1b4f8db3d13a91d52a833a975,f74b3ae3628c26e1b4f8db3d13a91d52a833a975,2019-07-31 10:43:32 +0000
https://github.com/django/django/commit/1828f4341ec53a8684112d24031b767eba557663,1828f4341ec53a8684112d24031b767eba557663,2015-07-08 11:35:39 +0000
https://github.com/django/django/commit/2e47f3e401c29bc2ba5ab794d483cb0820855fb9,2e47f3e401c29bc2ba5ab794d483cb0820855fb9,2015-07-08 11:38:06 +0000
https://github.com/django/django/commit/66d12d1ababa8f062857ee5eb43276493720bf16,66d12d1ababa8f062857ee5eb43276493720bf16,2015-07-08 19:23:18 +0000
https://github.com/django/django/commit/09186a13d975de6d049f8b3e05484f66b01ece62,09186a13d975de6d049f8b3e05484f66b01ece62,2019-06-03 09:37:57 +0000
https://github.com/django/django/commit/afddabf8428ddc89a332f7a78d0d21eaf2b5a673,afddabf8428ddc89a332f7a78d0d21eaf2b5a673,2019-06-03 09:37:28 +0000
https://github.com/django/django/commit/c238701859a52d584f349cce15d56c8e8137c52b,c238701859a52d584f349cce15d56c8e8137c52b,2019-06-03 09:38:19 +0000
https://github.com/django/django/commit/0bbb560183fabf0533289700845dafa94951f227,0bbb560183fabf0533289700845dafa94951f227,2019-02-11 10:15:45 +0000
https://github.com/django/django/commit/1f42f82566c9d2d73aff1c42790d6b1b243f7676,1f42f82566c9d2d73aff1c42790d6b1b243f7676,2019-02-11 10:14:09 +0000
https://github.com/django/django/commit/40cd19055773705301c3428ed5e08a036d2091f3,40cd19055773705301c3428ed5e08a036d2091f3,2019-02-11 10:11:55 +0000
https://github.com/django/django/commit/58e08e80e362db79eb0fd775dc81faad90dca47a,58e08e80e362db79eb0fd775dc81faad90dca47a,2017-09-05 15:19:56 +0000
https://github.com/django/django/commit/e35a0c56086924f331e9422daa266e907a4784cc,e35a0c56086924f331e9422daa266e907a4784cc,2017-09-05 15:05:43 +0000
https://github.com/django/django/commit/254326cb3682389f55f886804d2c43f7b9f23e4f,254326cb3682389f55f886804d2c43f7b9f23e4f,2017-04-04 14:00:41 +0000
https://github.com/django/django/commit/8339277518c7d8ec280070a780915304654e3b66,8339277518c7d8ec280070a780915304654e3b66,2017-03-28 16:57:34 +0000
https://github.com/django/django/commit/f824655bc2c50b19d2f202d7640785caabc82787,f824655bc2c50b19d2f202d7640785caabc82787,2017-04-04 14:17:35 +0000
https://github.com/django/django/commit/2a9f6ef71b8e23fd267ee2be1be26dde8ab67037,2a9f6ef71b8e23fd267ee2be1be26dde8ab67037,2017-04-04 14:17:35 +0000
https://github.com/django/django/commit/4a6b945dffe8d10e7cec107d93e6efaebfbded29,4a6b945dffe8d10e7cec107d93e6efaebfbded29,2017-03-28 16:57:34 +0000
https://github.com/django/django/commit/5f1ffb07afc1e59729ce2b283124116d6c0659e4,5f1ffb07afc1e59729ce2b283124116d6c0659e4,2017-04-04 14:00:41 +0000
https://github.com/django/django/commit/1ca63a66ef3163149ad822701273e8a1844192c2,1ca63a66ef3163149ad822701273e8a1844192c2,2018-03-01 16:58:41 +0000
https://github.com/django/django/commit/abf89d729f210c692a50e0ad3f75fb6bec6fae16,abf89d729f210c692a50e0ad3f75fb6bec6fae16,2018-02-27 18:54:19 +0000
https://github.com/django/django/commit/e157315da3ae7005fa0683ffc9751dbeca7306c8,e157315da3ae7005fa0683ffc9751dbeca7306c8,2018-03-06 13:52:23 +0000
https://github.com/django/django/commit/94c5da1d17a6b0d378866c66b605102c19f7988c,94c5da1d17a6b0d378866c66b605102c19f7988c,2018-03-06 13:52:23 +0000
https://github.com/django/django/commit/a91436360b79a6ff995c3e5018bcc666dfaf1539,a91436360b79a6ff995c3e5018bcc666dfaf1539,2018-02-27 18:56:26 +0000
https://github.com/django/django/commit/d17974a287a6ea2e361daff88fcc004cbd6835fa,d17974a287a6ea2e361daff88fcc004cbd6835fa,2018-03-01 16:58:41 +0000
https://github.com/django/django/commit/57b95fedad5e0b83fc9c81466b7d1751c6427aae,57b95fedad5e0b83fc9c81466b7d1751c6427aae,2018-02-01 14:18:33 +0000
https://github.com/django/django/commit/c37bb28677295f6edda61d8ac461014ef0d3aeb2,c37bb28677295f6edda61d8ac461014ef0d3aeb2,2018-02-01 14:13:59 +0000
https://github.com/django/django/commit/bf39978a53f117ca02e9a0c78b76664a41a54745,bf39978a53f117ca02e9a0c78b76664a41a54745,2018-10-01 08:05:01 +0000
https://github.com/django/django/commit/1966786d2dde73e17f39cf340eb33fcb5d73904e,1966786d2dde73e17f39cf340eb33fcb5d73904e,2011-02-09 02:48:48 +0000
https://github.com/django/django/commit/1f814a9547842dcfabdae09573055984af9d3fab,1f814a9547842dcfabdae09573055984af9d3fab,2011-02-09 02:44:16 +0000
https://github.com/django/django/commit/90be6ca20d607977dec234ec972b77b83955749b,90be6ca20d607977dec234ec972b77b83955749b,2011-01-12 23:25:33 +0000
https://github.com/django/django/commit/a9cf3d23724ff6918103e86aa863eadd1fab811d,a9cf3d23724ff6918103e86aa863eadd1fab811d,2011-01-24 07:10:18 +0000
https://github.com/django/django/commit/7f84657b6b2243cc787bdb9f296710c8d13ad0bd,7f84657b6b2243cc787bdb9f296710c8d13ad0bd,2010-09-09 00:36:08 +0000
https://github.com/django/django/commit/ac7c3a110f906e4dfed3a17451bf7fd9fcb81296,ac7c3a110f906e4dfed3a17451bf7fd9fcb81296,2011-09-10 01:28:40 +0000
https://github.com/django/django/commit/fbe2eead2fa9d808658ca582241bcacb02618840,fbe2eead2fa9d808658ca582241bcacb02618840,2011-09-10 01:08:02 +0000
https://github.com/django/django/commit/194566480b15cf4e294d3f03ff587019b74044b2,194566480b15cf4e294d3f03ff587019b74044b2,2011-02-09 02:13:59 +0000
https://github.com/django/django/commit/570a32a047ea56265646217264b0d3dab1a14dbd,570a32a047ea56265646217264b0d3dab1a14dbd,2011-02-09 02:14:24 +0000
https://github.com/django/django/commit/7f8dd9cbac074389af8d8fd235bf2cb657227b9a,7f8dd9cbac074389af8d8fd235bf2cb657227b9a,2010-12-23 03:47:58 +0000
https://github.com/django/django/commit/d5d8942a160685c403d381a279e72e09de5489a9,d5d8942a160685c403d381a279e72e09de5489a9,2010-12-23 03:46:37 +0000
https://github.com/django/django/commit/17084839fd7e267da5729f2a27753322b9d415a0,17084839fd7e267da5729f2a27753322b9d415a0,2010-12-23 03:47:38 +0000
https://github.com/django/django/commit/85207a245bf09fdebe486b4c7bbcb65300f2a693,85207a245bf09fdebe486b4c7bbcb65300f2a693,2010-12-23 03:46:16 +0000
https://github.com/django/django/commit/1a76dbefdfc60e2d5954c0ba614c3d054ba9c3f0,1a76dbefdfc60e2d5954c0ba614c3d054ba9c3f0,2011-09-10 01:08:24 +0000
https://github.com/django/django/commit/7268f8af86186518821d775c530d5558fd726930,7268f8af86186518821d775c530d5558fd726930,2011-09-10 01:28:50 +0000
https://github.com/django/django/commit/408c5c873ce1437c7eee9544ff279ecbad7e150a,408c5c873ce1437c7eee9544ff279ecbad7e150a,2011-02-09 02:07:35 +0000
https://github.com/django/django/commit/818e70344e7193f6ebc73c82ed574e6ce3c91afc,818e70344e7193f6ebc73c82ed574e6ce3c91afc,2011-02-09 02:07:05 +0000
https://github.com/astropy/astropy/commit/22057d37b1313f5f5a9b5783df0a091d978dccb5,22057d37b1313f5f5a9b5783df0a091d978dccb5,2023-08-27 16:10:39 +0000
